{"cameraMode":{"drawMode":0,"name":"Shaded","section":"Shading Mode"},"sceneLighting":true,"audioPlay":false,"sceneViewState":{"m_AlwaysRefresh":false,"showFog":true,"showSkybox":true,"showFlares":true,"showImageEffects":true,"showParticleSystems":true,"showVisualEffectGraphs":true,"m_FxEnabled":true},"in2DMode":false,"pivot":{"x":1.0253984928131104,"y":0.40717029571533205,"z":-11.803302764892579},"rotation":{"x":-0.07063200324773789,"y":0.8442795276641846,"z":-0.11457820981740952,"w":-0.5188564658164978},"size":1.9541743993759156,"orthographic":true}